"label"|"wiki1"|"wiki2"|"description"
"Pourra-t-on un jour remplacer les sages-femmes par des robots ?"|"Naissance"|"Robot"|"Aujourd\'hui les robots sont déjà présents dans les hopitaux. Ils assistent le personnel dans les tâches du quotidien. Plus le temps passe, plus des tâches complexes leurs sont confiées. Ils sont même en passe de remplacer les infirmiers. Le métier des sage-femme comporte une grande partie d\'humain. Elles accompagnent les femmes durant leur accouchement, de leur arrivée à l\'hopital jusqu\'a l\'arrivée du bébé. Cet accompagnement est irremplaçable pour les futures mères et pères. Un robot peut-il vraiment remplacer ce côté humain qui est indispensable ? Aujourd\'hui, absolument pas."
"L\'avenir de la recherche réside t-il dans les drones infra-rouges?"|"Drone"|"Recherche"|"Après des milénaires de création, d\'évolution, nous vivons aujourd\'hui avec un monde passé. Il y a tant de secrets à découvrir, dissimulés. Les sondes infra-rouges permettraient de sonder le coeur des pyramides. Nous pouvons nous demander comment les métiers de recherche peuvent évoluer avec le numérique."
"Les relations à distance peuvent-elles être maintenues grâce aux messages instantanés et la vidéo-conférence ? "|"Relations"|"Communication"|"Aujourd\'hui beaucoup de relation se font à distance, la vidéo-conférence et les messageries instantanée aide à la pérennité de ces relations mais est-ce que cela suffit. Pour moi rien ne peux remplacer les relations humaines et tactiles dans un couple et les relations à distance ne sont viables qu\'un temps."
"Sommes nous en mesure de nourrir toute l\'humanité ?"|"Alimentation"|"Ressources"|"7 444 097 342... Voici le nombre de personnes vivant sur notre magnifique planète bleue. Nous nous posons une question aujourd\'hui : Pouvons nous tous manger à notre faim sur Terre ? Aujourd\'hui le numérique permet de répondre à un grand nombre de problèmes (robotisation des fermes, assistance mécanique,...). Mais l\'avenir du numérique pourrait  révolutionner notre façon de vivre. Pouvons nous vivre dans "
"Les diététiciens du futur seront-ils des personnes qui trieront le surplus d\'information pour nous ?"|"Big Data"|"Alimentation"|"C’est en quelque sorte un diététicien de l’information, car ses cures d’informations de qualité éviteront la noyade ou la boulimie de data, aussi connue sous le nom d’infobésité.
Alors y aura-t-il un nouveau type de diététicien, le «data-diététicien» ? "
"Les casinos en ligne peuvent-ils révolutionner le métier de croupier ?"|"Jeux d\'argent"|"Dépendance"|"A l\'heure ou tout est accessible sur le web, on y trouve des casinos en ligne. Aujourd\'hui ils représentent un grand business mais tout cela doit bien évidemment être modéré.
Les modérateurs de ces plateformes sont-ils les croupiers numérique ?
A qui peut-on vraiment faire confiance pour modérer ce genre de plateforme ?"
"Arbitre numérique : La mort des relations humaines dans le sport ?"|"Relations"|"Sport"|"Aujourd\'hui la viédo sur les terrains de sports permet de détecter des actions jusqu\'alors impossible à remarquer. Mais se pose la question : Est-ce risqué de tout confier à la technologie ?"
"Amazon Go : L\'avancée numérique au service des magasins signe-elle la fin des commerces de quartier ?"|"GAFAM"|"Magasins"|"La grande distrubution de demain sera peut être tout automatisé. Amazon ne s’est toujours pas décidé sur la manière d\'exploiter les robots dans ses entrepôts et pourtant, le cybermarchand vient de se lancer dans un nouveau pari fou, établir des magasins sans caisses, où l’on ne débourse pas un seul centime sur place. La firme compte en ouvrir un l’année prochaine pour le grand public et promet un service sans égal. Les clients pourront y accéder, prendre tout ce qu’ils veulent dans leur panier et partir en toute liberté sans avoir à interagir avec personne. Ce nouveau concept qui peut paraitre étrange va aider le géant américain à se passer de salariés à bas cout, en effet, en recourant aux applications mobiles et à la vision par ordinateur, Amazon n’aura pas à recruter massivement du personnel pour les nouveaux magasins.
"
"Est-il aujourd\'hui indispensable pour les artisans de proposer des achats
en ligne pour pérenniser leur commerce ?"|"Commerçant"|"Présence"|"Les sites de e-commerces sont en pleins essors et beaucoup de personnes réalise maintenant la totalité de leurs achats sur internet. Il est donc important de se mettre à la page et d\'évoluer avec son temps, tous commerces devraient avoir un site de e-commerce. Seul les commerce de produit quotidien comme les boulangeries devraient subsister."
"Une IA pourrait-elle occuper de hauts postes (président, juge,...) ?"|"Intelligence Artificielle"|"Responsabilités"|"La question se pose de savoir si un jour un robot doté d\'une intelligence artificielle pourra être apte de devenir nos dirigent ? Quand est-il de la responsabilité ? Pourra-t-elle être juste ? La question se pose : un humain à la tête d\'un état ne serait-il pas plus faillible qu\'une intellignece artificielle, qui n\'aurai pas d\'interet personnel et qui ne se fatiguerai jamais ? Mais peut-on vraiment se passer du côté humain d\'un pouvoir, un côté plus sensible ? La question reste entière."
"En quoi le métier d\'huissier est-il voué à évoluer avec le numérique ?"|"Économie"|"Harcèlement"|"Avec l\'arrivée du numérique, tout le système juridique va devoir s\'adapter et être reviser pour correspondre aux nouveaux besoins. Parmis les acteurs de ce changement profond se trouve l\'huissier qui doit désormais suivre l\'actualité numérique, se tenir au courant pour faire face aux nouveaux cas de justice."
"Devrait-on arrêter l\'utilisation du support papier ?"|"Écriture"|"Déchet"|"Catégoriquement NON. Le papier ne bug pas, le papier est sûr c\'est pour cela que tout ne pourra pas être informatisé dans un futur proche. Évidemment l\'essors des ordinateurs ne va pas dans ce sens, mais j\'ai bon espoir que le papier ne meurt jamais."
"L\'éducation devrait-elle évoluer de manière à évincer le «par-coeur» et favoriser la recherche ?"|"Connaissance"|"Se réinventer"|"Dans notre monde tout a évolué, de l\'ordinateur a notre système juridique presque tout est en constante évolution, pouvons-nous en dire autant de notre éducation et système scolaire ? Le modèle professeur devant une classe d\'élèves n\'est-il pas obsolète ?"
"Le numérique (devices, manuels numériques) à l\'école (primaire/secondaire) serait-il bénéfique ?"|"Device"|"MOOC"|"Toujours dans le but de faire évoluer l\'école et son fonctionnement le manuel numérique serait une bonne alternative aux manuels papiers pour plusieurs raisons évidentes comme le poids des cartables et l\'écologie. Mais pour moi d\'autres évolutions pourraient être apportées comme l\'utilisation des MOOC en classe et bien d\'autres technologies présentes sur internet. Le numérique à l\'école peut ouvrir de nouvelles portes aux enseignants, une nouvelle manière d\'enseigner peut être plus ludique, plus adapté à chaque enfant. Mais jusqu\'a quel point pouvons nous numériser l\'école ?"
"Est-ce qu\'un linguiste est encore utile à l\'ère de Google Traduction, Wordreference et les nouveaux outils de traduction instantanée ?"|"GAFAM"|"Interculturalité"|"La traduction via internet est utilisé tous les jours et par de nombreuses personnes. À une époque on aurait pu dire qu\'elle n\'était pas fiable, mais avec les avancées faites les traducteurs automatiques sont de plus en plus performants même si quelques coquilles apparaissent de temps à autre elles sont très vite corrigées par la suite. Pour moi le métier de linguiste est voué à disparaitre, car peu de personnes de nos jours demande leurs services ou s\'y référent."
"Le «Crowdsourcing» va-t-il révolutionner le métier d\'écrivain ?"|"Crowdsourcing"|"Écriture"|"le crowdsourcing, il s’agit de s’appuyer sur la foule pour créer son texte. Le crowdsourcing peut se situer à plusieurs étapes, à plusieurs niveaux : il peut s’agir d’une oeuvre collaborative (chaque personne aidant à la rédaction/correction/invention de l’histoire, mais la multitude en fait une oeuvre collective), il peut aussi juste s’agir de trouver/donner des idées pour un auteur qui en manque, d’imposer des gages pour stimuler son imagination, corriger un texte fini, aider à la réécriture. C’est stimulant pour l’auteur, car il a en quelques sortes des supporteurs prêts à lui demander où l’histoire en est, à le motiver s’il se relâche. Ça permet également de ne pas sécher inutilement sur une histoire qui stagne, en relançant la machine « imagination » parfois avec juste un mot ou une idée étrangère. Ça permet d’intéresser le lecteur futur à ses textes : le texte rédigé à la vue de tous a donner envie à certains de l’acheter dès sa publication payante."
"Le métier de journaliste deviendra-t-il moins qualitatif dans les années à venir ? "|"Jounaliste"|"Putaclic"|"Les médias sont face à de nouveaux défis. Désormais, les rédactions intègrent des algorithmes à leurs effectifs, se dotent de drones pour survoler leurs sujets et emploient des programmeurs/développeurs pour coder la quantité de données numériques disponibles sur Internet. Le Web 2.0 a transformé la relation journalistes/lecteurs, faisant du citoyen un « consom’acteur » véritablement intégré au processus de production journalistique. Aujourd’hui, les professionnels de l’information doivent composer avec une nouvelle intelligence, artificielle et numérique."
"Existera-t-il toujours des présentateurs télé ?"|"Communication"|"Robot"|"Un présentateur télé a un métier assez répétitif, les mêmes phrases à prononcer chaque jour/semaine/mois. A part à quelques petites folies que se permettent des présentateurs populaires, les émissions en direct ou les rares exceptions, globalement un robot est capable de faire ce métier sans trop de difficultés."
"La génération Y :  génération égocentrée ?"|"Génération Y"|"Selfie"|"Faisant partie de cette génération je ne sais pas si je suis très objective, mais je pense pouvoir répondre non à cette question. La génération Y est une génération qui a évolué avec le numérique et qui s\'en sert au quotidien. Pour nous le numérique à toujours était présent dans nos vies, nous utilisons donc toutes les applications qui en découlent. Même si pour certain le selfie est égocentrique pour nous c\'est une manière comme une autre de communiquer avec les autres, car les selfies ne sont pas pour nous, mais bien pour notre entourage."
"Comment le numérique a-t-il changé la généalogie ?"|"Héritage"|"Connaissance"|"Grâce à internet et à des sites internet dédiés, n\'importe quel utilisateurs peut recréer son arbre génalogique. Tout les arbres sont interconnéctés et donc chaque fois qu\'une branche rejoitn une autre elle est ajouté à l\'arbre en cours chez les deux utilisateurs. Cela pourrai aider grandement les généticiens pour vérifier les populations. Mais a--t-on vraiment envie d\'avoir toute sa généalogie sur internet ?"
"Aura-t-on un jour des voitures automatisées ?"|"Robotisation"|"Transport"|"La voiture autonome est aujourd\'hui presque une réalité. Qu\'adriviendra-t-il des transports de marchandise ? Les cammionneurs sont-ils voués à disparaitre ou seront-ils seulement assistés par la technologie ?"
"Peut-on remplacer un pilote d\'avion par un un pilote automatique ?"|"Robot"|"Responsabilités"|"Auront-on confiance au robot ?  Allons nous perdre la sociablité entre le chauffeur et les clients ?"
"Le moyen de transport autonome, un danger (piraterie) ou une garantie pour la sécurité des passagers ?"|"Danger"|"Robotisation"|"Il existe déjà des trams autonome qui transporte moultes personnes de façon automatisé. On connaissait la voiture autonome, les drones, voici que se profilent les bateaux autonomes. Plus qu\'un souhait, c\'est un projet sur lequel le conglomérat Rolls-Royce travaille. Pas sûr que le monde de la mer soit du même avis, malgré le progrès technologique et ce que cela pourrait rapporter financièrement."
"Peut-on considérer Twitter comme un média basé sur l\'exhibitionnisme ?"|"Exhibitionnisme"|"e-réputation"|"Twitter est pour moi un médias centré sur l\'exhibitionnisme. En effet les personnes utilisant ce réseaux ne s\'en servent que pour raconter leur vie, sans aucun autre but. Ils veulent monter que leur vie est mieux que celle du voisin. Je n\'aime pas du tout ce prince de communication."
"Les conducteurs de train sont-ils amenés à disparaître ?"|"Robotisation"|"Transport"|"Avec les accidents de train, les retards et pour gagner en efficacité, la volonté de mettre en place des trains sans conducteurs s\'est intensifiée. Avec les nouvelles innovations, il est possible de créer des intelligences artificielles capable d\'agir selon des paramètres définis par des trajets enregistrés au préalable. Seulement, que peut faire un robot fasse un imprévu ? C\'est pour cette raison que pour l\'instant il est nécessaire qu\'il y est encore un agent pour surveiller et agir au cas où."
"Un psychologue est-il irremplaçable à l\'ère du numérique ?"|"Chatbot"|"Relations"|"Forum d\'entraide, futur IA, internet et les nouvelles technologies peuvent-elles réellement remplacer un psychlogue ?
Le côté humain peut-il être vraiment mis de coté dans une thérapie. Un être humain, présent dans l\'instant, aura toujours plus d\'impact, une compréhension plus fine des comportements humain et un soutien plus solide."
"Le deuil numérique fait-il plus de mal que de bien ?"|"Mort"|"Mémoire"|"Venant de perdre un ami, pour moi le deuil numérique est important. Pouvoir laisser une trace, un message, une pensée peut aider beaucoup de gens à faire leur deuil. Mais attention à ne pas tomber dans un ressassement perpétuelle de souvenir, il est bien de laisser un compte actif pendant une certaine période, mais au bout d\'un moment il faut fermer la page ou le compte. Reste plus qu\'à déterminer cette période."
"Pourra-t-on faire confiance aux ordinateurs pour réaliser de la chirurgie ?"|"Médecine"|"Robotisation"|"Alors que les chirurgiens se font aider par des ordinateurs que ce soit pour planifier en avance mais surtout pour visualiser en 3D et simuler une opération, on approche d\'une robotisation de ce métier. En effet avec l\'utilisation de logiciels, il est possible de garder en mémoire les opérations afin qu\'elle puisse servir de connaissances pour une machine. Entre équipements sophistiqués et nanorobots, la chirurgie est d\'avantage efficace, quelles sont alors les limites sur ce que l\'on a le droit de modifier ?"
"Peut on faire confiance aux innovations dans la médecine ?"|"Transhumanisme"|"Responsabilités"|"Nos connaissances en médecine ne font qu\'augmenter, les méthodes ont évolué. On peut déjà se projeter et imaginer des médecins robots qui guérissent à distance, ne se fiant qu\'à des bases de données contenant le résultat de mesures et d\'analyses. Bientôt peut être on dépassera les limites de l\'humain et ainsi les médecins seront au coeur de ce processus encouragé par le transhumanisme. Pourtant il y a de quoi être inquiet, aller au delà de nos capacités peut être dangeureux. Ces techniques ne nous améneraient pas à des humains asservis par la technologie ?
"
"Sommes-nous tous des espions ?"|"Stalking"|"Exhibitionnisme"|"Dans un sens oui nous sommes tous des espions, car je dirais malgré nous, nous ne pouvons-nous empêcher d\'espionner la vie des autres sur leurs réseaux sociaux comme Facebook, Snapchat, Instagram et j\'en passe. Peut-être que l\'espion de demain sera implacable dans ce domaine et pourra retrouver n\'importe qui grâce aux réseaux sociaux."
"Les applications qui permettent de réguler le sommeil sont-elles aussi fiables que les conseils d\'un médecin du sommeil ?"|"Médecine"|"Monitoring"|"Beaucoup de personnes ressente de l\'inquiétude quant à leur sommeil, et leur volonté de pouvoir contrôler leur sommeil. Un peu comme elles le font avec la nourriture ou l\'activité physique.
C\'est pour cela que des applications sur Iphone et sur Android permettent aujourd\'hui de gérer notre sommeil cependant selon les médecins du sommeil les tablettes et smartphones sont les premiers ennemis de nos nuits.
Selon moi la meilleure manière de favoriser un sommeil réparateur est d\'éteindre tout simplement ce type d\'appareil deux heures avant de se coucher et non pas de dormir avec. Les médicins du sommeil sont la pour nous conseiller et je pense selon moi que ces applications sont le seul fléau de notre manque de sommeil."
"Les programmes de sport en ligne vont-ils remplacer les coachs sportifs ?"|"Sport"|"IRL"|"Les coach sportifs sont remplaçables, les programmes de sport à la télé sont déjà bien implanté. Le modèle de tuto explose les records sur internet, cela ne me choquerait pas que des tutos de programmes sportifs existent déjà. Comme les gens ont de moins en moins envie de sortir de chez eux les programmes de sport en ligne deviendrons bientôt maître du marché. En revanche, il faudra toujours des coach pour créer ces fameux programmes."
"L\'omniprésence des moyens de communication ne crée-t-elle pas des êtres humains frustrés et dépendants ?"|"FOMO"|"Dépendance"|"Dans la vie il faut savoir être autonome et s\'auto gérer, l\'omniprésence des moyens de communications n\'est pas un problème si on sait en faire une utilisation modérée. Pour cela il faut savoir dire stop et lâcher de temps à autre son téléphone, sa tablette et tous autres écrans qui pourraient nous frustrer."
"Est-on amené à produire des objets de qualité soi-même, avec l\'aide d\'Internet ?"|"DIY"|"Consommation"|"Les tutos sur internet sont omniprésents et on en demande encore. Le coût de la vie ayant augmenté un grand nombre de personnes se sont dirigés vers ces tutos pour réaliser les choses soient même. Je trouve ce concept intéressant, en effet cela nous permet d\'apprendre à faire des choses pas nous-mêmes. À l\'aire du numérique où l\'on dit toujours que tout nous vient tout cuit dans le bec, ces tutos montrent la volonté de vouloir et savoir faire par soit-même, sans parler de la satisfaction que cela procure."
"Un géographe a-t-il encore une utilité à l\'ère de Google Earth ?"|"Métier"|"Drone"|"Afin de mieux comprendre son monde, l\'homme a créé les cartes, il a pu ainsi déterminer des territoires pour une répartition égale des terres entre les peuples. Depuis, nous avons des cartes de plus en plus précises, connectées avec des données scientifiques et sociales, nos cartes représentent notre monde et les sociétés qui le compose. Du simple GPS à Google Maps, nous savons où nous sommes à tout moment, nous ne sommes jamais réellement perdu. Mais avec cette afflux de technologies, quelle est la place du géographe ? Pour l\'instant, ce métier ne tient que de part leur expertise, leur expérience et leur capacité à analyser et modéliser les données en lien avec une carte, mais qu\'en sera-t-il dans quelques années ?
"
"Le robot pourrait-il être aussi réconfortant qu\'un vrai assistant social ?"|"Chatbot"|"Relations"|"Aider une personne dans sa vie est très compliquée, cela joue beaucoup sur une présence, une sensibilité plus que sur des mots et des phrases motivantes. Est-ce qu\'une machine peut se comporter d\'une telle manière qu\'il pourrait être assistant social ?"
"Le transhumanisme : vers l\'Inspecteur Gadget ou Robocop ?"|"Transhumanisme"|"Évolution"|"Nous sommes encore loin des robots humains capables de réflection raisonné, mais arriverons-nous un jour aux robot dotés d\'intelligence ? Quels sont les enjeux ? La question de l\'étique se pose-t-elle ? Montre connecté, appareil photo miniature, gadget en tout genre aujourd\'hui la technologie grâce à la technologie, la possibilité devenir un vrai inspecteur gadget n\'est peut être pas si loin. "
"Comment les prêtres s\'adaptent-ils au numérique ? (Robots prêtres)"|"Robot"|"Religion"|"Pour entendre un prêtre s\'exprimer, il faut aller à l\'église mais beaucoup de personnes ne pouvant pas y aller voudrait écouter la voix du seigneur. Les prêtres ont créé un site pour que les utilisateurs puissent écouter des prêtres. "
"Les algorithmes de création de musique pourront-ils vraiment remplacer les instruments traditionnels ? Est-on vraiment un musicien en les utilisant ?"|"MAO"|"Assistance"|"Avec un répertoire énorme de musique, avec une connaissance parfaite des accords, des mélodies et du tempo, un algoritheme comme celui de Jukedeck est capable de créer de la musique sans l\'aide direct de musicien. Est-ce que la musique crée est aussi qualitative, inspirante et nouvelle que celle d\'un musicien ?
"
"L\'imprimante 3D marque-t-elle le début du logement correct pour tous ?"|"3D"|"Partage"|"Le grand boum de l\'imprimerie 3D soulève de nombreuses questions, notamment la question du logement pour tout, car dans la théorie nous serions capables de construire en moins de 24h un immeuble de plusieurs étages, mais quand est-il de la sécurité ? De la solidité ? Du coup ?"
"Installateurs et réparateurs, les plombiers modernes ?"|"Maintenance"|"Obsolescence programmée"|"Pour connecter, réparer,  rendre interopérable, upgrader ou tout simplement expliquer ces nombreux outils et logiciels, les utilisateurs auront besoin de personnes pouvant les aider.
Ces services pourront être fournis par des « plombiers du digital » qui seront les petites mains du numérique de demain.
A l\'heure où l\'on a tendance à associer le digital à des cursus longs et parfois élitistes, la formation de ces « plombiers » de niveaux CAP ou bac permettrait d’apprendre les fondamentaux du numérique afin de savoir connecter un appareil, mettre à jour des logiciels, réparer des capteurs, rendre compatible des appareils entre eux ou simplement pour expliquer de façon intelligible des logiciels. "
"Un superordinateur rivalise-t-il avec un mathématicien ?"|"Intelligence Artificielle"|"Connaissance"|"Un mathématicien n\'a plus besoin de faire des calculs, il se sert d\'un ordinateur, il le programme pour réaliser des opérations longues et répétitives. Ainsi il s\'agit pour les mathématiciens de passer plus de temps à théoriser, à réfléchir à comment démontrer plus qu\'à réellement calculer. Les calculs seront donc réalisés par le supercalculateur, quant à la théorie nous aurons toujours besoin de mathématiciens."
"Les cyber criminels sont-ils au dessus de la loi ?"|"Hacker"|"Loi"|"Quelles sont les sanctions mises en place pour les criminels sur internet aucune ? Vous me direz non. Mais moi je dirais qu\'ils sont libres avec tous les moyens qui sont possibles pour se cacher et détourner les informations dont ils ont besoin, ceux qui sont doués dans le \'métier\' de cyber criminels sont juste intouchables."
"Doit-on avoir peur de la centralisation des données ?"|"Centralisation"|"GAFAM"|"Si dans 5 ans, on a rien mis en place, alors oui, j\'aurais peur. Il va se passer la même chose qui s\'est passé avec le téléphone. A l\'époque, personne ne s\'est dit «mais attention, avec les écoutes clandestines, c\'est un moyen effroyable pour espionner la vie privée». Résultat, on a laissé se développer la plante vénéneuse des écoutes téléphoniques incontrôlées. et incontrôlables."
"Les technologies actuelles nous mettent-elles en danger ou nous protègent-t-elles ?"|"Centralisation"|"Danger"|"Les dépendances assistées par le numérique : jeux ou achats compulsifs, des cyberdépendances, qui n\'existaient pas avant les outils, ce besoin compulsif de consommer de l\'information non-stop, ou celui d\'être en interaction permanente via les SMS ou Facebook sont pour de nombreux psychologues dangereux."
"Les wikis remplacent-ils les ressources universitaires traditionnelles ?"|"Wiki"|"Big Data"|"Tous les étudiants de nos jours utilisent des wiki pour leurs recherches, leurs exposés ou tous autres travaux. Les wiki sont incontournables et deviendrons l\'avenir des ressources universitaires traditionnelles."
"Les vidéastes deviennent-ils corrompus s\'ils signent un contrat avec un Network ?"|"Partage"|"Privatisation"|"Oui, un vidéaste perd son identié en la revendant au network. Il n\'est plus libre de faire ce qu\'il veut et son contenu perd en qualité : il est altéré par des placements de produits en tout genre et des informations et propos emblématiques censurés. "
"La publicité sur Internet doit-elle disparaître ?"|"Consommation"|"Communication"|"La publicité sur internet est une pollution visuelle certaine, mais génère beaucoup d\'argent pour les sites l\'utilisant, je suis partagée sur cette question et demande l\'avis des autres internautes."
"Acheter ses lunettes sur Internet signifie-t-il se priver de qualité ? "|"Commerçant"|"Consommation"|"Il existe des sites de e-commerce qui vendent de la qualité, internet ne rime pas avec mauvaise qualité. Il faut juste savoir trouver les bons sites qui vendent des articles de qualité, pour les lunettes, mais aussi pour tous autres produits acheté sur internet et les sites de e-commerce."
"Les challenges sur Internet : quelles limites ?"|"Challenge"|"Danger"|"Le challenges sur Internet n\'ont aucune limite sinon la mort. En effet, certains d\'entre eux exposent délibérément l\'individu les relevant à des risques démesurés lorsqu\'ils ne se limitent pas à des actions futiles (Mannequin Challenge)."
"Comment les avocats devront-ils s\'adapter aux nouvelles technologies ?"|||"La pratique du droit changera probablement davantage dans les 5 prochaines années que dans les 50 années passées,
Le CNB se doit d’appréhender les conséquences et l’impact des nouvelles technologies sur le quotidien des avocats, et l’intégration des outils technologiques dans l’exercice professionnel des avocats doit améliorer leurs méthodes de travail au service du client.
Mais alors il y aura t il bientôt des palais de justice en ligne ? Un avocat pourra-t-il plaider directement à travers un ordinateur ? Cela n\'est il pas éthiquement incorrecte ?"
"Le transhumanisme va-t-il révolutionner le monde de l\'astronomie ?"|"Transhumanisme"||"Le transhumanisme est un courant émergent en passe de devenir l\'un des plus importants de notre siècle. Il prévoit notamment de grand changement dans le monde de l\'astronomie et de la conquète spatiale grâce aux porgrés de la technologie. Comment ce courant va-t-il impacter l\'étude de l\'univers dans les années à venir ?"
"Le «boom» du numérique est-il une révolution pour le métier de banquier ?"|"Métier"||"Tablettes tactiles, réseaux sociaux et «tchats» peuplent désormais le quotidien des banquiers, qui doivent s\'adapter à une clientèle 2.0 mieux informée et qui déserte les agences. Une «révolution culturelle» qui fait naître des inquiétudes et des frustrations dans la profession.
Bousculés par l\'essor des banques en ligne (ING Direct, Boursorama, Fortuneo...), les établissements financiers traditionnels ont amorcé une profonde mutation pour répondre au défi numérique, ce qui amène les banquiers à réinventer leur métier.
Seule certitude: le client, qui peut piocher sur la toile une multitude d\'informations, arrive mieux armé face à son conseiller. Dès lors, le «face-à-face avec le client» a été aboli au profit d\'une relation «côte-à-côte».
Cette évolution technologique constitue une «perversion» du métier, qui consiste aussi à «découvrir les besoins de nos clients»
Engagés dans une course infernale où «tout devient urgent», les banquiers éprouvent davantage de difficultés à hiérarchiser les tâches. Plus d\'actes administratifs et moins d\'effectifs, notamment à l\'accueil, annulent les gains de temps obtenus grâce au numérique.
Quel banquier du futur vont choisir les clients? Celui des banques mutualistes, qui ont fait le pari de la proximité physique, ou celui des BNP Paribas, Société Générale et consorts, qui ont misé gros sur les nouveaux canaux de communication ?"
"Océanographe, quels enjeux pour demain ?"|||"Les milieux marins vont de plus en plus mal, du fait de l\'activité humaine. Pêche intensive et illégale, pollution, rejet de déchets nucléaires, les océanographes pourraient être d\'ici quelques dizaines d\'années le seul rempart à l\'extinction d\'une bonne partie de la vie marine."
"Sommes nous tous des explorateurs numérique ? "|||"Aujourd\'hui, nous avons découvert nombre de lopin de terre sur notre magnifique planète bleu. Mais il nous reste tant de choses à découvrir dans le Big Data. En effet aujourd\'hui, nous sommes tous devenus en quelque, des petits explorateurs du numérique."
"Est-ce que le conseiller d\'orientation peut être remplacé par une intelligence artificielle ?"|"Chatbot"|"Intelligence Artificielle"|"Une base de donnée sur les possibiltiés d\'orientation, un questionnaire précis, est-ce suffisant pour déterminer son avenir ? Le conseiller d\'orientation se munit déjà de ses outils numériques, mais à terme ce qu\'il fait pourra être automatisé."
"Comment le numérique va-t-il influencer la production architecturale et urbaine ?"|||"Avec les évolutions technologiques, aujourd\'hui les architectes doivent ainsi réflechir à des productions architecturales et urbaines en accord avec notre temps
Mais alors à quoi ressembleront les villes de demain ?
Viverons-nous dans des villes futuristes ?
Les architectes arriveront à s\'adapter à la fois à l\'architecture historique et moderne ?"
"En quoi la modélisation 3D est-elle devenue indispensable ?"|"3D"||"On invente d\'avantage d\'objets connectés, on commence à créer dans la réalité virtuelle et maintenant, la réalisation de jeux ou de films nécessite l\'utilisation d\'éléments 3D. C\'est dans ce contexte d\'innovation que le modélisateur 3D se place au centre de la production, il est présent dans de nombreux domaines pour répondre à des besoins de plus en plus diverses. Que ce soit à destination industriel ou artistique, que ce soit dans le cadre d\'imprimerie 3D ou dans de la production plus traditionnelle."
"Est-ce que la philosophie peut être à la portée des robots ?"|||"Argumentation, connaissances sur des auteurs, est-ce qu\'une machine est capable de réfléchir sur la société, sur sa propre condition, sur la vie ? Alors que l\'on éduque à ces automates comment gagner aux échecs, on envisage encore mal les possibilités de robots intelligents capable de nous égaler voir surpasser. Ces capacités ne seraient accessibles que si les machines dépassaient leur condition pour réfléchir sur elles-même comme nous qui avons une conscience de soi."
"Quelles sont les nouveaux savoirs à chercher dans le numérique ?"|||"Grâce au numérique, il est désormais possible de presque tout mesurer et analyser, pourtant chaque données apportent des nouvelles connaissances qui amènent à des nouvelles recherches. Ainsi, les futurs chercheurs du numériques vont devoir apprendre à manier les nouveaux outils."
"Les académiciens sont-ils prêts à accepter le nouveau langage du numérique ?"|||"Néologisme, anglisisme, faute entrée dans le langage courant des internets, les linguistes et les académiciens doivent s\'adapter au nouveau langage numérique mais sont-ils vraiment prêts ? Comment va se faire la transition vers un langage des internets ?"
"Le numérique pour aider à la sécurité dans les boites de nuit ?"|||"Appareils calculant le taux d\'alcoolémie, carte d\'identité numérique pour determiner l\'âge des clubbeurs, le numérique peut aider le métier de videur de boite de nuit. Mais ne risque-t-il pas de le dénaturer ?"
"En quoi le numérique réoriente le métier de sociologue ?"|||"Notre rapport avec le numérique change nos comportements profondément et de ce fait, change la société. C\'est dans ce contexte que s\'inscrit le sociologue du numérique, chargé de décrypter l\'utilisation de la technologie, les nouveaux systèmes mis en place et ce qui arrive à nous soumettre aux médias numérisés."
"L\'organisation est-elle devenue plus simple avec les outils numériques ?"|||"Faire une soirée est maintenant synonyme d\'événement Facebook, beaucoup plus rapide à mettre en place, beaucoup plus clair pour les organisateurs. Avec des logiciels de gestion,que ce soit pour savoir ce qu\'il faut et avoir une idée des prix, le métier d\'organisateur semble être d\'avantage plus simple surtout pour les plus pressés. Est-ce que pour autant celà suffit à organiser réellement un événement ou une fête ?
"
"Comment sera le chamane du futur ?"|||"Un chamane est ancré dans les traditions ancestrales de son peuple. A l\'ère du numérique comment interconnecter traditions et modernité ? Comment vont se modifier les cérémonies et les rituels tradiotionnels des peuples concernés ?"
"Est-ce que l\'agent d\'accueil va finir remplacé par l\'accueil numérique ?"|||"Face aux changement dans les habitudes des visiteurs, la nécessité de revoir l\'accueil est devenue plus qu\'indispensable. C\'est dans cette volonté d\'efficacité que se développe l\'accueil numérique pour mieux accueillir que ce soit les personnes handicapées ou faciliter les visites."
"Le savoir-faire est-il propre aux humains ?"|||"Les industries arrivent à montrer l\'efficacité les robots dans l\'assemblage, l\'imprimerie 3D permet de produire des pièces, alors quelle est la place de l\'artisan ? Est-ce que le savoir-faire de l\'artisan n\'est pas juste une notion de qualité que la machine pourra atteindre dans l\'avenir ?"
"Quelle est la différence entre un chef de projet et un chef de projet numérique ?"|||"Aujourd\'hui, presque toutes les entreprises ont des chefs de projet cependant on parle de plus en plus de chef de projet numérique. C\'est eux qui vont s\'occuper dans un projet de toute la partie numérique, que ce soit les sites internets, les réseaux sociaux, le marketing digital, les formats que l\'on peut utiliser sur le web...
Mais alors à l\'heure ou le numérique est en expenssion et que tous les projets font appelle aujourd\'hui à une part numérique, peut-on dire aujourd\'hui que tous les chefs de projet sont en réalité des chefs de projets numérique ?"
"Qu\'est-ce qu\'un chasseur de tête 2.0 ?"|||"Avec le numérique, recruter c\'est fouiller Linkedin, c\'est passer du temps à consulter des réseaux et chercher des profils. Que ce soit la recommandation, la cooptation, il faut faire un carnet d\'adresses numériques. Au revoir les CV et bonjour les algorithmes de mise en relation basés sur votre réseau."
"Connectée, l’agriculture nourrira-t-elle mieux la planète tout en la préservant ? "|||"L’agriculture s’est vite emparée des technologies numériques. Le numérique ne promet pas seulement de produire mieux, en auscultant les sols et les plantes ou grâce à la simulation. C\'est tout la chaine de notre alimentation qu\'il pourrait bouleverser."
"En quoi les designers industriels vont-ils devenir essentiels ?"|||"Avec les demandes et les besoins de plus en plus nombreux, l\'augmentation de la vitesse de production devient une nécessité. Il existe les technologies pour gagner du temps, mais pour bien les utiliser, il faut préparer et planifier correctement. Un designer industriel a pour tâche de créer les plans nécessaires pour produire des pièches en grande quantité."
"Les lunettes et lentilles connectées sont-elles l\'avenir de nos yeux ?"|||"Est-ce la fin des simples lunettes pour le début des Google Glasses ? Des verres plus performants et capable de s\'adapter à son porter, configurable et accompagner d\'un lot d\'applications qui permettent de faire bien plus de choses.
Apple passera donc d\'une montre à des lunettes ?"
"Pourrons-nous un jour créer des robots capable de créer des odeurs qui plairont à l\'humain ?"|||"Les robots seront-ils un jour dans la capacité d\'utiliser des sens comme nous les humains ?
Le métier de nez consistant à créer des parfums grâce à leur sens de l\'odorat exeptionnel seront-ils un jour remplacer par des robots ?
Grâce à l\'évolution technologique, il existera probablablement des algorithmes permettant de connaître les doses parfaite pour créer LE Parfum au même titre que Jean-Baptiste Grenouille dans le Roman de Patrick Süskind."
"Le kinésithérapeute connecté (Bluetens) est il une menace pour le métier de kinésithérapeute ?"|"Médecine"||"De simples gadgets sont maintenant des objets connectés, des dispositifs pour réaliser des massages ou de l\'électrothérapie à l\'aide d\'électrodes relier à boîter connecté à son téléphone. Est-ce la fin des séances classiques ? Est-ce que l\'on peut se suffir d\'utitliser des objets connectés ? Pour l\'instant, l\'utilisation de ce dispositif ne vient qu\'en complément d\'exercice classique, mais avec les avancés technologiques ces nouvelles méthodes seront de plus en plus efficaces."
"En quoi le numérique fait évoluer le métier d\'ostéopathe ?"|||"Les ostéopathes disposent maintenant de logiciels pour stocker des informations sur les patients après les différents tests passés. Cela permet aussi de gérer les mails, l\'agenda, ce qui permet à l\'ostéopathe de passer moins de temps en gestion et d\'avantage dans le coeur de son métier."
"En quoi l\'ethnographie numérique est nécessaire à notre époque ?"|||"L\'ethnographie numérique permet de mieux comprendre nos comportements vis à vis des réseaux sociaux, des mondes virtuels. Cela nous permet de comprendre comment au sein d\'un ensemble de joueurs peut s\'établir des règles, une hiérarchie et une capitalisation des objets numériques."
"Comment le numérique peut affecter le métier de sophrologue ?"|||"Le sophrologue doit faire attention aux nouveaux troubles liés à nos nouvelles pratiques, à l\'arrivée des réseaux sociaux dans notre quotidien.
Ne devrons nous pas parfois modérer l\'utilisation des outils numériques afin d\'éviter des frustations qui en sont parfois du ?"
"Aura-t-on besoin d\'un ministre dans la vie future ?"|||"Les ministres seront-ils remplacés par des robots ? Existera t-il encore des ministres ? "
"Les pilotes de drones sont-ils les nouveaux pilotes du numérique ?"|||"De plus en plus d\'entreprises utilisent des drones pour des applications professionnelles et elles cherchent des pilotes. Un vrai métier est en train d\'émerger ou plutôt des métiers selon que vous visez la prise de vue, l\'inspection d\'ouvrages ou la cartographie... Début 2015, la Fédération professionnelle du drone civil estime à 5000 le nombre d_x0092_\'emplois créés en France par cette nouvelle filière. Et l\'on pourrait aboutir à 20 000 emplois d\'ici 5 ans. Alors ces métiers vont-il révolutionner les différents métiers du pilotage ? Ces drones pourront-ils un jour évoluer et transporter
des civiles ?"
"Devenir entrepreneur : Les outils de gestion nous permettront-ils tous de gérer la multinationale de demain ?"|||"Gérer de plus ne plus de données, les futurs métiers de demain sera de savoir comment traiter, organiser, analyser les données qui existe sur terre. Les défis et les opportunités de l’ère numérique sont colossaux pour l’entreprise qui doit être agile pour anticiper et au pire suivre les évolutions technologiques et le comportement des consommateurs. Sa stratégie passe maintenant par la donne numérique sur le web bien sûr, le mobile et dans les réseaux sociaux. Pour répondre à ces défis, l’entreprise recrute un « Chief digital officer » (CDO) ou Directeur du Digital, Directeur numérique, qui supervise le numérique, évangélise les cadres et la direction générale. Le « Chief digital officer », futur PDG numérique. Focus sur un métier d’avenir."
"Qu\'est-ce qu\'un ingénieur du numérique ?"|||"Avec toutes les nouvelles technologies, les robots, les innovations en communication et en informations, l\'ingénieur du numérique est là pour modéliser et ainsi gagner du temps en conception et en production tout en augmentant la qualité. Il est présent dans l\'aéronautique, l\'automobile et bien d\'autres domaines ce qui le rend d\'autant plus indispensables à notre époque, il est un acteur majeur.
"
"Les luthiers sont ils le vecteur des instruments de musique de demain ?"|||"Les luthiers aujourd\'hui sont vecteurs de traditions, un savoir ancestral dans la construction délicate des instruments de musique. Mais l\'évolution des techniques devrai bientôt permettre de créer des instruments totalement nouveau et innovants. A quoi ressembleront les intruments du futur ?"
"Quelle est la place du technicien réseaux dans un monde ultra connecté ?"|||"Entre la domotique, les objets toujours plus connectés et plus nombreux, la nécessité de travailler en collaboration en entreprise. Le technicien réseaux s\'inscrit alors comme un métier important pour maintenir les nouveaux besoins en réseau.
"
"Qu\'apporte le numérique au métier de vétérinaire ?"|||"Les animaux sont une grande part du quotidien et de l\'équilibre, pour beaucoup il s\'agit d\'un membre de la famille, de ce fait leur santé est importante. Ainsi le vétérinaire du futur n\'aura qu\'à se servir des nouveaux objets connectés comme la pillule connectée, l\'utilisation de smartphone pour mesurer l\'activité du coeur, des robots pour aider à la rééducation ou encore les matelas chauffant. Tout est bon pour les aider plus facilement et maintenir leur présence avec nous."
"La nano robotique pourra-t-elle un jour remplacer la microbiologie ?"|||"La nano technologie représente l\'avenir de la medecine, pouvoir se soigner depuis l\'intérieur.
Mais est-elle à la hauteur des prodiges que produit notre coprs ?"
"Quelles seront les impacts du numérique sur les métiers de biologiste ?"|||"Le chercheur en biologie est un scientifique très complet. Dans son laboratoire, il manie avec aisance microscopes, instruments de mesure, informatique et autres technologies. Mais il formule aussi des hypothèses et donne du sens à ses observations et ses expériences, pour faire progresser les sciences de la vie. Un métier de raison et de passion.
Alors quelles répercutions aura le numérique sur ces métiers la ? Pourra-t-on faire pousser des plantes en l\'espace d\'une journée par exemple ?"
"A quand l\'avènement des bijoux connectés ?"|||"Le futur de la joaillerie se trouve-t-il dans le bijoux connecté ? Le bijoux est un apparat, un accessoire beau mais sans réelle fonction. Le futur serai peut être de lié le beau et l\'utile avec des bijoux connectés esthétiques remplissant des fonctions définies, ou tout simplement lié les nouvelles technologies et la beauté. Le collier hologramme, le bracelet connecté, on peut peut être trouver la le futur des joaillers"
"Comment les physiciens utilisent-il les nouvelles technologiques ?"|||"Les réussites technologiques sont graces à des physiciens, il est alors normal de se demander si de nouvelles découvertes seront désormais atteignables grace aux nouvelles avancées scientifiques. Les outils de mesures tendent à une extrême précision, il s\'agit de mieux comprendre et analyser les données obtenues."
"Qu\'est ce que la chimie numérique ?"|||"Entre chimiste et informaticien, le chimiste numérique se serve d\'algorithme pour prédire le comportement des atomes, des molécules. Il s\'intéresse aussi aux comportements quantiques grâce à ces calculs de probabilité, il peut analyser la structure des atomes facilement. Ils ont pour difficulté de réfléchir à des méthodes de recherches et d\'analyses."
"Qu\'est-ce qu\'un super soldat à l\'ère du numérique ?"|||"Dépassant la fiction, les nouvelles technologiques, que ce soit les nanotechnologies, les biotechnologies, les sciences cognitives et l\'informatique, l\'homme va pouvoir dépasser ses limites, se régénérer. Entre humain et machine, le super soldat ne s\'inquiéte pas de sa santé, il a des sens sur développés."
"A quoi ressembleront les villes du futur ?"|||"Les urbanistes aident chaque jour à créer la ville du futur. Une ville plus responsable, plus écologique, plus axée sur le developpement durable. Grâce à eux, la technologie et l\'espace urbain vont se rencontrer pour créer un espace de vie sain, beau, durable et technologique."
"A quoi un agent d\'entretien de la voirie doit faire attention à l\'ère du numérique ?"|||"La circulation, les routes mais surtout les bouchons. Désormais, avec les nouvelles technologies, les routes pourront être surveillées afin de surveiller l\'état celles-ci pour pouvoir les réparer si nécessaire. Mais aussi ils pourront surveiller le traffic et intervenir rapidement sur les voies en cas d\'accident. On peut aussi imaginer dans l\'avenir l\'arrivée de feux de circulations intelligents qui répondront à la quantité de voitures en attente devant lui."
"Qu\'est-ce que la station spatiale internationale à l\'heure du numérique ?"|||"La Terre a beau être connectée, elle n\'est plus seule, avec son live sur youtube constant et les réseaux sociaux activés, les astronautes peuvent briser les distances spatiales. Ils peuvent rester connecter et envoyé des photos de la Terre depuis la station. On peut imaginer dans le futur que peut importe où on est dans l\'espace, on puisse consulter ses mails tout en allant vers une autre planète."
"A-t-on besoin de climatologue ?"|||"Pour mesurer l\'évolution du climat, il s\'agit de bien utiliser la technologie pour obtenir les bonnes données. Mais est-ce que la technologie est capable d\'analyser comme un climatologue et de déterminer comme cela fut le cas si il y a un changement climatique majeur."
"Qu\'est ce qu\'un animateur numérique ?"|||"Lors des périodes de vacances, le rêve est toujours de pouvoir voyager, mais la peur d\'être déçue et que les photos que l\'on voit nous mentent. C\'est ainsi que l\'on retrouve l\'animateur numérique, en relation avec les agences de tourisme, il est chargé d\'aménager l\'espace numérique d\'un territoire en cherchant dans un premier temps la présence de sites autour des lieux abordés pour pouvoir ensuite conseiller sur comment mieux présenter en ligne son territoire."
"Peut-il encore exister des horlogers ?"|||"L\'heure nous est constamment affichée, téléphone portable, ordinateur, tablette, télévision, micro-onde, n\'importe quel objet du quotidien nous la montre. De ce constat, l\'horloge commence à disparaitre, et c\'est à se demander si la montre ne va pas être abandonner pour les Apple Watch. Au milieu de ces technologies, quelle est la place de l\'horloger habitué à réparer des horloges."
"Qu\'est-ce qu\'un enquêteur à l\'heure du numérique ?"|||"Avec les nouvelles technologies, de nouveaux types de crimes naissent comme le piratage, le vol de compte et de données, c\'est là qu\'interviennent des enquêteurs contre la cybercriminalité. A la vitesse où les infractions ont lieu sur Internet, il devient important pour ces enquêteurs d\'utiliser des logiciels pour traquer les réseaux, les ordinateurs."
"Comment le numérique aide les pompiers ?"|||"Avec tous les dangers liés au feu, sa surveillance est indispensable. D\'autant plus que les incendies sont toujours aussi fréquent nottament en forêt. Mais maintenant, les pompiers se servent de logiciels pour surveiller, «patrouiller» des lieux à risques et avec les réseaux sociaux, ils sont très rapidement mis au courant du moindre incendie, ils peuvent vite s\'organiser et intervenir pour sauver des vies."
"Qu\'est ce que la géologie numérique ?"|||"Désormais avec les technologies de pointe pour mesurer et analyser, le métier de géologue consiste à formaliser les connaissances, modéliser à l\'aide de logiciels. Mêler à l\'hydrogéomécanique, le but est aussi de pouvoir aménager les sols et de mettre en place des méthodes différentes pour analyser. Est-ce que ce métier n\'est pas voué à disparaître pour des robots ?"
"Comment améliorer la gestion des dechets avec le numérique ?"|"Déchet"||"La gestion des dechets quotidien est un problème d\'envergure aujourd\'hui. Le tri selectif et le recyclage sont des enjeux majeurs pour l\'environnement. Le numérique pourrait aider à améliorer cette situation. Pourquoi pas des poubelles connectées pour une meilleure gestion des dechets et aider les éboueurs à faire un premier tri ?"
"Les traders sont-ils voués à disparaitre ?"|"Économie"||"Le traider du futur ne serai-t-il pas un algorythme ?
Erreur financière, escroquerie, les problèmes dans le monde de la finance sont nombreux. Ces erreurs sont souvent humaines, basée sur des mauvais calculs. Les traiders sont-ils vraiment aussi performant qu\'un algorythme de calcul, qui ne se baserai que sur des statistiques précises et qui n\'aurait pas de conflit d\'intéret personnel ?"
"Croque-mort numérique, à quoi ressemblera le métier du futur ?"|"Mort"||"Après avoir passé sa vie à l’étaler sur les réseaux sociaux et à travers des courriels, un défunt laisse désormais des traces numériques. Les proches pourront bientôt faire appel à un gestionnaire d’identité numérique après la mort, qui se chargera d’annoncer le décès aux contacts du défunt sur les réseaux sociaux, de gérer sa réputation en ligne et fermer ses comptes personnels. Les qualités requises ? Être un peu geek, avoir du tact et des qualités de communication."
"Le numérique a-t-il révolutionné le travail à distance ?"|"Cloud"|"GAFAM"|"Le modèle de travail en freelance est en train d\'exploser. Le numérique a créé une nouvelle méthode de travail à distance, le télé-travail. Ce modèle est-elle stable ? Comment va-t-il évoluer dans le temps ?"
"Comment va évoluer le métier de RP ?"|||"Presse écrite, télévison, les anciens médias sont en dégression. Les RP vont devoir se tourner vers les nouveaux média comme internet et les médias de demain. Comment se fera cette transition ?"
"Quelle sera la place du Web développeur dans le prochain siècle ?"|||"Alors que les développeurs webs sont déjà très importants au sein des innovations actuelles, pourtant leur métier est voué à évoluer vers une maitrise multiple des technologies et des langage. Aussi il va devoir penser DevOps, c\'est à dire être capable d\'agir en tant que développeur mais aussi en tant qu\'ingénieur système. La contrainte principale sera d\'arriver à s\'adapter et toujours penser."
"Peut-on remplacer le chauffeur de bus par un robot ? "|||"Auront-on confiance au robot ?  Allons nous perdre la sociablité entre le chauffeur et les clients ?"
"Les bateaux de demain seront-il autonome ?"|||"Il existe déjà des trams autonome qui transporte moultes personnes de façon automatisé. On connaissait la voiture autonome, les drones, voici que se profilent les bateaux autonomes. Plus qu\'un souhait, c\'est un projet sur lequel le conglomérat Rolls-Royce travaille. Pas sûr que le monde de la mer soit du même avis, malgré le progrès technologique et ce que cela pourrait rapporter financièrement.
"
"Le robot est-il l\'avenir des Mécanicien ? "|||"Robots-chirurgiens, prothèses bioniques, exosquelettes, greffes et implants mécatroniques... des termes futuristes excentriques ? Si ces vocables appartenaient hier encore à la science-fiction, il n\'y aurait que des mécaniciens pour créer des robots ?"
"Comment le numérique va impacter le cyclisme professionnel ?"|||"Calcul du rythme cardiaque, de la distance, du taux d\'oxygène, de l\'altitude, du degré des pentes, le tout en temps réel. Le cyclisme ne serai-t-il pas révolutionné par les nouvelles technologies et le numérique ?"
"Quelles sont les limites du numérique sur notre peau ?"|||"Fini l\'entretien de la peau, avec le numérique il sera facile d\'avoir une peau lisse et saine, tout le monde sera «beau» et «parfait». On aura si nécessaire des prothèses juste pour l\'esthétisme. Les femmes se maquilleront en quelques secondes grâce à des objets connectés programmés pour réaliser des manipulations précises. Tout ne sera que détail et précision. Alors qui sera réellement humain ? Qu\'est-ce que sera la peau ?
"
"Les cours de yoga en ligne vont-ils remplacer les professeurs de yoga ?"|||"Aujourd\'hui on peut trouver toute sorte de cours en ligne dont les cours de yoga. La pratique du yoga permet de conserver et de retrouver une bonne santé physique, émotionnelle et spirituelle. La pratique est orchestrée autour des « asanas », des exercices respiratoires, de la relaxation et de la méditation. Alors est-ce que travailler ces exercices devant un écran permet-il de se concentrer assez sur l\'aspect spirituel du yoga ? Est-il préférable d\'assister à un cours un ligne plutôt qu\'en salle ? Ma question est donc, les cours de yoga en ligne pourront-ils un jour remplacer les professeurs de yoga ?"
"Comment les nouvelles technologies vont faire évoluer l\'industrie pornographique ?"|||"Entre VR et nouveaux capteurs sensoriels, l\'industrie pornographique se transforme au rythme des innovations. Les nouvelles technologies induisent une évolution intinsèque du milieu, notamment pour les acteurs. Cela va-t-il créer un nouvelle forme d\'intimité malsaine entre les spectateurs et les acteurs ? Cela va-t-il avoir un effet positif ?"
"Est-il aujourd\'hui indispensable pour les fleuristes de proposer des achats en ligne ?"|||"Tous les secteurs sont concernés par la mutation du mode d’achat de la boutique vers le numérique. Cette règle ne déroge pas aux fleuristes qui proposent désormais la commande de fleurs en ligne via des sites et applications e-commerce. L’expérience d’achat de fleurs sur le web actuellement proposée est différente de celle en boutique. Les marchands de fleurs ne cessent pourtant de mettre en avant des gages de qualité, pour se rapprocher toujours plus de l’achat en magasin. On peut citer l’essai de transparence sur la fraîcheur des fleurs, le respect des compositions présentées sur le site avec l’envoi d’une photo du bouquet avant expédition ou la vidéo de confection du bouquet par exemple. Mais ces essais n’égalent en rien l’achat en magasin.
Bien sûre il peut y avoir de grand avantage comme Fleurop où il est possible d\'envoyer des fleurs partout en Europe ce qui permet de faire des cadeaux à ces proches à distance.
Mais est-il nécessaire, face à la concurrence, de proposer des services de e-commerce ?"
"Comment les policiers font face à cette nouvelle ère ?
"|||"Maintenant les PV ne seront plus sur papier. Le numérique va remplacer ! Sont concernées les contraventions des quatre premières catégories du code de la route : vitesse, dépassement dangereux, stop non respecté et taux d’alcoolémie contraventionnel, stationnement, sens interdit."
"Comment le numérique a t il aider les maçons du patrimoine ?"|||"Les maçon du patrimoine sont les ouvriers qui permettent aujourd’hui de restaurer les monuments anciens et les vieilles bâtisses en pierre. Grâce au numérique ils sont capable avec  des images et la modélisation 3D d’analyser les bâtiments avant la restauration.
Mais alors l’évolution du numérique permettra-t-elle encore de faire évoluer ce métier qui permet de préserver notre culture ?"
"Est-ce que le conseiller d\'orientation peut être remplace par un intelligence artificielle ?"|||"Une base de donnée sur les possibiltiés d\'orientation, un questionnaire précis, est-ce suffisant pour déterminer son avenir ? Le conseiller d\'orientation se munit déjà de ses outils numériques, mais à terme ce qu\'il fait pourra être automatisé."
"Notre futur nous permettrait-il de mieux comprendre notre passé ?"|||"Nous ne pouvons pas connaître ce que créera l\'humanité dans le futur, mais nous pouvons imaginer des innovations et des inventions nouvelles qui permettraient aux historiens d\'en apprendre de plus en plus sur notre passé, sur notre Histoire. Une meilleure compréhension du passé nous donne une meilleure gestion du présent, et cela c\'est peut être notre futur qui nous l\'apportera."
"En quoi consiste le métier de géomètre à l\'heure du numérique ?
"|||"Pour le géomètre du numérique, il ne s\'agit pas de juste mesurer et analyser des données, au contraire, avec les applications actuelles mesurer précisement n\'est plus une difficulté, il faut se concentrer sur la représentation, la modélisation et l\'analyse fine de ces données."
"En quoi le numérique peut faire évoluer le métier de potier ?"|||"Avec l\'impression 3D, le métier de potier n\'est pas remplacé mais évolue. Il existe désormais des applications permettant de méler ses capacités artistiques avec une interface simple d\'utilisation. Le potier n\'aura plus qu\'à réfléchir aux formes, aux couleurs, ce qui lui permettra de gagner du temps et il pourra se concentrer sur d\'autres problèmes"
"Comment le métier de couturier va évoluer avec le numérique ?"|||"Maintenant, grâce à l\'imagerie dynamique, les couturiers peuvent proposer des visuels de vêtements en fonction de la demande des clients. La possibiltié de passer commande d\'un costume sur mesure en 30 minutes apporte une révolution pour le métier."
"En quoi le peintre est directement ou indirectement affecté par le numérique ?"|||"Désormais, équipé d\'une tablette, l\'artiste peut revenir vers la nature, être nomade et ainsi produire et publier n\'importe où sur la toile avec une connexion internet. Le cycle production – monstration – diffusion, traditionnellement long et parfois laborieux ou fastidieux, peut être ainsi condensé en quelques minutes. La tablette numérique apporte aussi la possibilité de conserver des étapes intermédiaires d’un travail, de revenir en arrière, sans que le remords soit destructif du travail en cours. L’artiste peut aisément tester différentes hypothèses, les conserver, revenir sur elles, tout en conservant la trace de ce qu’un graveur appellerait les épreuves successives. Chacune de ces épreuves peut, à son tour, donner naissance à de nouveaux développements, dans une approche plus rhizomatique que linéaire, miroir des processus naturels bien plus que de celui des industries humaines.La tablette numérique pose enfin la question de l’unicité de l’œuvre d’art. L’œuvre numérique, en tant que telle, n’existe que sous la forme d’un fichier numérique, lequel peut être répliqué, diffusé et altéré sans restriction significative. Bien plus, encore, à l’ère du numérique, la notoriété d’une œuvre ne se mesure plus à son caractère unique, mais, au contraire, au fait qu’elle soit multipliée."
